series.release	series.code	series.description	geoAreaCode	X	Y	ISO3CD	geoAreaName	sliceId	Freq	Units	2000	2001	2002	2003	2004	2005	2006	2007	2008	2009	2010	2011	2012	2013	2014	2015	last.5.years.mean	latest.year	latest.value	latest.source	latest.nature
2017.Q2.G.01	DC_TOF_HLTHL	Total gross official disbursements for medical research and basic heath sectors, by recipient	4	66.02688198	33.83160199	AFG	Afghanistan	1	ANNUAL	CON_USD	6.678658	23.356507	19.361956	23.633711	79.892399	146.936042	150.864132	220.168192	186.111213	191.339098	124.130233	133.364949	140.36539	216.542351	234.232194	167.012512	178.3034792	2015	167.012512		
2017.Q2.G.01	DC_TOF_HLTHL	Total gross official disbursements for medical research and basic heath sectors, by recipient	8	20.06660928	41.13897007	ALB	Albania	1	ANNUAL	CON_USD	8.866256	4.288806	5.76248	9.981384	6.837775	14.688245	9.286216	8.838185	5.83917	2.923495	4.600844	4.816629	2.906474	1.664255	1.963059	2.007555	2.6715944	2015	2.007555		
2017.Q2.G.01	DC_TOF_HLTHL	Total gross official disbursements for medical research and basic heath sectors, by recipient	10	21.47585697	-80.40897662	ATA	Antarctica	1	ANNUAL	CON_USD																					
2017.Q2.G.01	DC_TOF_HLTHL	Total gross official disbursements for medical research and basic heath sectors, by recipient	12	2.678164227	28.15940032	DZA	Algeria	1	ANNUAL	CON_USD	0.54899	1.249394	0.693079	0.509708	0.463402	0.62087	0.39245	1.780883	0.27946	0.315153	1.472596	2.665638	0.453588	0.269642	0.160978	0.299221	0.7698134	2015	0.299221		
2017.Q2.G.01	DC_TOF_HLTHL	Total gross official disbursements for medical research and basic heath sectors, by recipient	16	-170.7187269	-14.30587306	ASM	American Samoa	1	ANNUAL	CON_USD																					
2017.Q2.G.01	DC_TOF_HLTHL	Total gross official disbursements for medical research and basic heath sectors, by recipient	20	1.576257417	42.54548611	AND	Andorra	1	ANNUAL	CON_USD																					
2017.Q2.G.01	DC_TOF_HLTHL	Total gross official disbursements for medical research and basic heath sectors, by recipient	24	17.57817062	-12.33724746	AGO	Angola	1	ANNUAL	CON_USD	20.181507	59.155734	17.279511	22.525751	10.160183	39.907556	23.982256	44.596727	64.611631	48.92503	54.379286	36.545975	65.859257	66.132316	45.376933	49.988331	52.7805624	2015	49.988331		
2017.Q2.G.01	DC_TOF_HLTHL	Total gross official disbursements for medical research and basic heath sectors, by recipient	28	-61.7999755	17.07761471	ATG	Antigua and Barbuda	1	ANNUAL	CON_USD			0.261867													0.003781	0.003781	2015	0.003781		
2017.Q2.G.01	DC_TOF_HLTHL	Total gross official disbursements for medical research and basic heath sectors, by recipient	31	50.01064725	40.39229544	AZE	Azerbaijan	1	ANNUAL	CON_USD	8.157301	1.721085	0.65817	0.942878	1.449299	4.48312	2.516535	7.589669	5.787946	8.532485	8.519955	12.656786	4.007879	9.964244	7.610341	5.290053	7.9058606	2015	5.290053		
2017.Q2.G.01	DC_TOF_HLTHL	Total gross official disbursements for medical research and basic heath sectors, by recipient	32	-65.14563274	-35.19446255	ARG	Argentina	1	ANNUAL	CON_USD	0.065088	0.18824	0.97111	3.567517	2.040097	1.895119	6.441161	2.595682	28.720484	13.274934	16.527593	5.626127	0.758733	0.681442	0.641579	0.812748	1.7041258	2015	0.812748		
2017.Q2.G.01	DC_TOF_HLTHL	Total gross official disbursements for medical research and basic heath sectors, by recipient	36	134.3499412	-25.57717202	AUS	Australia	1	ANNUAL	CON_USD																					
2017.Q2.G.01	DC_TOF_HLTHL	Total gross official disbursements for medical research and basic heath sectors, by recipient	40	14.14172472	47.58704857	AUT	Austria	1	ANNUAL	CON_USD																					
2017.Q2.G.01	DC_TOF_HLTHL	Total gross official disbursements for medical research and basic heath sectors, by recipient	44	-78.05111663	24.69546597	BHS	Bahamas	1	ANNUAL	CON_USD																					
2017.Q2.G.01	DC_TOF_HLTHL	Total gross official disbursements for medical research and basic heath sectors, by recipient	48	50.5490754	26.04407747	BHR	Bahrain	1	ANNUAL	CON_USD			0.003916															2002	0.003916		
2017.Q2.G.01	DC_TOF_HLTHL	Total gross official disbursements for medical research and basic heath sectors, by recipient	50	89.17660788	22.86961622	BGD	Bangladesh	1	ANNUAL	CON_USD	89.614464	36.290875	41.040526	36.939482	34.824924	59.866826	141.539372	65.156825	142.544555	145.809583	178.593899	154.322514	128.952934	256.120257	146.999231	222.419141	181.7628154	2015	222.419141		
2017.Q2.G.01	DC_TOF_HLTHL	Total gross official disbursements for medical research and basic heath sectors, by recipient	51	44.93839317	40.29499741	ARM	Armenia	1	ANNUAL	CON_USD	6.916689	0.354266	2.728564	2.089903	0.848888	6.473944	12.229245	15.100654	9.523561	12.222264	13.932395	10.212723	8.602607	9.203658	5.568773	5.411727	7.7998976	2015	5.411727		
2017.Q2.G.01	DC_TOF_HLTHL	Total gross official disbursements for medical research and basic heath sectors, by recipient	52	-59.5346489	13.13648273	BRB	Barbados	1	ANNUAL	CON_USD					0.004313		0.008278			0.031962	0.009577							2010	0.009577		
2017.Q2.G.01	DC_TOF_HLTHL	Total gross official disbursements for medical research and basic heath sectors, by recipient	56	4.660976456	50.64104975	BEL	Belgium	1	ANNUAL	CON_USD																					
2017.Q2.G.01	DC_TOF_HLTHL	Total gross official disbursements for medical research and basic heath sectors, by recipient	60	-64.78155012	32.27881922	BMU	Bermuda	1	ANNUAL	CON_USD																					
2017.Q2.G.01	DC_TOF_HLTHL	Total gross official disbursements for medical research and basic heath sectors, by recipient	64	90.45098484	27.39598568	BTN	Bhutan	1	ANNUAL	CON_USD	3.517114	0.825219	0.539018	4.544737	2.747656	5.35416	3.502889	1.993498	2.117577	1.881697	1.001675	1.92303	2.036518	1.841238	3.081718	4.029309	2.5823626	2015	4.029309		
2017.Q2.G.01	DC_TOF_HLTHL	Total gross official disbursements for medical research and basic heath sectors, by recipient	68	-64.66224284	-16.71273412	BOL	Bolivia (Plurinational State of)	1	ANNUAL	CON_USD	59.525216	33.012564	17.735032	38.125881	18.834107	27.727047	44.876654	43.235517	28.820904	20.83638	28.127314	29.47235	27.480586	19.983544	15.735796	21.144249	22.763305	2015	21.144249		
2017.Q2.G.01	DC_TOF_HLTHL	Total gross official disbursements for medical research and basic heath sectors, by recipient	70	17.78584332	44.16845548	BIH	Bosnia and Herzegovina	1	ANNUAL	CON_USD	8.855969	5.290463	5.282666	8.623187	4.483202	4.389149	16.672287	10.576702	6.383127	2.461742	7.400896	5.795285	6.429004	5.382758	10.62638	5.031811	6.6530476	2015	5.031811		
2017.Q2.G.01	DC_TOF_HLTHL	Total gross official disbursements for medical research and basic heath sectors, by recipient	72	23.81380223	-22.18810073	BWA	Botswana	1	ANNUAL	CON_USD	0.388338	0.398263	0.852083	0.275028	0.469318	0.447704	3.130851	2.369216	2.351794	1.989225	4.492623	3.87431	2.774973	3.404165	3.869447	3.52291	3.489161	2015	3.52291		
2017.Q2.G.01	DC_TOF_HLTHL	Total gross official disbursements for medical research and basic heath sectors, by recipient	74	3.410732868	-54.43295905	BVT	Bouvet Island	1	ANNUAL	CON_USD																					
2017.Q2.G.01	DC_TOF_HLTHL	Total gross official disbursements for medical research and basic heath sectors, by recipient	76	-53.08432878	-10.77668561	BRA	Brazil	1	ANNUAL	CON_USD	0.452104	4.734243	2.998177	2.669422	10.314069	10.444915	10.340209	11.778315	12.227406	15.028948	15.244659	19.61156	4.87836	8.963907	1.995082	2.441259	7.5780336	2015	2.441259		
2017.Q2.G.01	DC_TOF_HLTHL	Total gross official disbursements for medical research and basic heath sectors, by recipient	84	-88.70199554	17.19965901	BLZ	Belize	1	ANNUAL	CON_USD	2.258644		0.145215	0.028747	0.002772	0.046253	0.047354	0.0124	0.007371	0.00967	0.785004	0.529295	0.475784	0.660549	1.166939	3.190852	1.2046838	2015	3.190852		
2017.Q2.G.01	DC_TOF_HLTHL	Total gross official disbursements for medical research and basic heath sectors, by recipient	86	72.38715553	-7.299281071	IOT	British Indian Ocean Territory	1	ANNUAL	CON_USD																					
2017.Q2.G.01	DC_TOF_HLTHL	Total gross official disbursements for medical research and basic heath sectors, by recipient	90	160.1584117	-9.622391719	SLB	Solomon Islands	1	ANNUAL	CON_USD	7.423	1.788647	0.306324	0.236587	0.764848	1.267086	0.144423	1.011706	15.417936	17.052483	8.64148	5.382406	4.760647	23.088742	4.592252	17.123576	10.9895246	2015	17.123576		
2017.Q2.G.01	DC_TOF_HLTHL	Total gross official disbursements for medical research and basic heath sectors, by recipient	92	-64.63294223	18.42256578	VGB	British Virgin Islands	1	ANNUAL	CON_USD																					
2017.Q2.G.01	DC_TOF_HLTHL	Total gross official disbursements for medical research and basic heath sectors, by recipient	96	114.6288563	4.49736984	BRN	Brunei Darussalam	1	ANNUAL	CON_USD																					
2017.Q2.G.01	DC_TOF_HLTHL	Total gross official disbursements for medical research and basic heath sectors, by recipient	100	25.23763153	42.75731323	BGR	Bulgaria	1	ANNUAL	CON_USD																					
2017.Q2.G.01	DC_TOF_HLTHL	Total gross official disbursements for medical research and basic heath sectors, by recipient	104	96.51752295	21.19332882	MMR	Myanmar	1	ANNUAL	CON_USD	7.463906	8.200773	8.021336	15.439332	9.80232	13.13529	14.215554	23.862585	33.208704	48.240865	61.977605	37.937263	91.349488	114.158738	142.705566	94.506334	96.1314778	2015	94.506334		
2017.Q2.G.01	DC_TOF_HLTHL	Total gross official disbursements for medical research and basic heath sectors, by recipient	108	29.89080992	-3.366387428	BDI	Burundi	1	ANNUAL	CON_USD	3.500217	3.137496	3.419359	5.4464	8.237953	14.393525	14.484216	23.381867	35.872133	27.664694	46.437443	42.703826	37.1956	50.370416	42.372036	49.805409	44.4894574	2015	49.805409		
2017.Q2.G.01	DC_TOF_HLTHL	Total gross official disbursements for medical research and basic heath sectors, by recipient	112	28.04940161	53.54193075	BLR	Belarus	1	ANNUAL	CON_USD						1.007932	1.039579	2.539349	5.254925	0.994829	9.462413	5.016009	6.031883	5.334545	5.404346	1.242002	4.605757	2015	1.242002		
2017.Q2.G.01	DC_TOF_HLTHL	Total gross official disbursements for medical research and basic heath sectors, by recipient	116	104.922836	12.71163737	KHM	Cambodia	1	ANNUAL	CON_USD	17.397274	24.264134	11.029925	22.419166	13.154457	42.367208	38.37721	47.116546	44.39227	59.149997	99.596541	50.789262	55.012163	65.59035	61.185928	70.567342	60.629009	2015	70.567342		
2017.Q2.G.01	DC_TOF_HLTHL	Total gross official disbursements for medical research and basic heath sectors, by recipient	120	12.7419827	5.692387031	CMR	Cameroon	1	ANNUAL	CON_USD	21.837066	3.832889	6.279117	8.094975	19.158023	22.975525	26.912155	21.383156	23.814409	32.907902	23.389998	89.9198	39.779211	65.617553	66.944211	95.254455	71.503046	2015	95.254455		
2017.Q2.G.01	DC_TOF_HLTHL	Total gross official disbursements for medical research and basic heath sectors, by recipient	124	-101.6575058	57.72360191	CAN	Canada	1	ANNUAL	CON_USD																					
2017.Q2.G.01	DC_TOF_HLTHL	Total gross official disbursements for medical research and basic heath sectors, by recipient	132	-23.63544151	15.07791834	CPV	Cabo Verde	1	ANNUAL	CON_USD	0.231641	3.989129	0.302858	0.21132	1.467194	0.905907	0.429438	0.142927	0.289592	0.559144	1.399442	2.988538	5.107392	3.08068	1.66139	2.511822	3.0699644	2015	2.511822		
2017.Q2.G.01	DC_TOF_HLTHL	Total gross official disbursements for medical research and basic heath sectors, by recipient	136	-81.16740559	19.32266656	CYM	Cayman Islands	1	ANNUAL	CON_USD																					
2017.Q2.G.01	DC_TOF_HLTHL	Total gross official disbursements for medical research and basic heath sectors, by recipient	140	20.93559492	7.003720791	CAF	Central African Republic	1	ANNUAL	CON_USD	1.209994	6.166144	7.584257	3.53904	11.009911	8.145746	7.227782	5.905777	10.885281	5.738146	9.068024	9.000331	14.933549	19.001403	35.870588	23.193804	20.399935	2015	23.193804		
2017.Q2.G.01	DC_TOF_HLTHL	Total gross official disbursements for medical research and basic heath sectors, by recipient	144	80.70489654	7.614693343	LKA	Sri Lanka	1	ANNUAL	CON_USD	6.648086	13.627367	2.666959	6.467387	9.924453	10.734154	9.678768	10.750031	16.76305	19.40322	28.64236	15.068914	19.194099	17.298474	22.241477	33.73678	21.5079488	2015	33.73678		
2017.Q2.G.01	DC_TOF_HLTHL	Total gross official disbursements for medical research and basic heath sectors, by recipient	148	18.66618401	15.36279341	TCD	Chad	1	ANNUAL	CON_USD	29.462024	4.045341	7.091418	7.138331	12.884532	12.50963	7.442122	11.04577	14.243075	14.602251	39.287291	19.804384	24.711221	58.151831	41.967979	22.342927	33.3956684	2015	22.342927		
2017.Q2.G.01	DC_TOF_HLTHL	Total gross official disbursements for medical research and basic heath sectors, by recipient	152	-71.23029019	-35.2652885	CHL	Chile	1	ANNUAL	CON_USD	0.101675	0.084621	0.305768	0.202752	1.845511	2.143192	0.516317	0.264457	0.272776	0.582025	1.026398	0.718458	0.652611	0.343723	0.396708	0.335948	0.4894896	2015	0.335948		
2017.Q2.G.01	DC_TOF_HLTHL	Total gross official disbursements for medical research and basic heath sectors, by recipient	156	104.1403375	32.30955217	CHN	China	1	ANNUAL	CON_USD	38.316468	33.381414	46.39383	57.354242	55.567005	50.792259	55.458165	100.249141	58.083267	103.977883	116.449802	72.072226	115.034284	92.665676	70.739929	79.429572	85.9883374	2015	79.429572		
2017.Q2.G.01	DC_TOF_HLTHL	Total gross official disbursements for medical research and basic heath sectors, by recipient	162	105.6426067	-10.4882473	CXR	Christmas Island	1	ANNUAL	CON_USD																					
2017.Q2.G.01	DC_TOF_HLTHL	Total gross official disbursements for medical research and basic heath sectors, by recipient	166	96.82633757	-12.18600682	CCK	Cocos (Keeling) Islands	1	ANNUAL	CON_USD																					
2017.Q2.G.01	DC_TOF_HLTHL	Total gross official disbursements for medical research and basic heath sectors, by recipient	170	-73.07446751	3.888209046	COL	Colombia	1	ANNUAL	CON_USD	3.34146	0.964808	1.089747	0.411885	1.89543	1.236751	1.410469	1.431176	4.280401	3.30647	16.09429	13.51083	5.559774	10.422499	8.813051	4.446639	8.5505586	2015	4.446639		
2017.Q2.G.01	DC_TOF_HLTHL	Total gross official disbursements for medical research and basic heath sectors, by recipient	174	43.34234565	-11.66121732	COM	Comoros	1	ANNUAL	CON_USD	0.822931	1.240095	2.679351	3.325972	2.158402	0.818074	0.718791	0.538867	0.589691	1.493678	7.743232	4.123172	9.624792	6.847233	4.106851	2.280893	5.3965882	2015	2.280893		
2017.Q2.G.01	DC_TOF_HLTHL	Total gross official disbursements for medical research and basic heath sectors, by recipient	175	45.14015057	-12.82217691	MYT	Mayotte	1	ANNUAL	CON_USD					4.593467	0.519738	0.365925	5.509693	5.913836	5.785942	1.825035							2010	1.825035		
2017.Q2.G.01	DC_TOF_HLTHL	Total gross official disbursements for medical research and basic heath sectors, by recipient	178	15.22052612	-0.840544119	COG	Congo	1	ANNUAL	CON_USD	2.059644	1.133879	1.926321	3.637696	5.822356	2.24539	0.30947	3.510863	4.470819	4.170008	21.605219	16.29426	25.353118	16.860726	5.549626	9.324331	14.6764122	2015	9.324331		
2017.Q2.G.01	DC_TOF_HLTHL	Total gross official disbursements for medical research and basic heath sectors, by recipient	180	23.65496507	-2.877154732	COD	Democratic Republic of the Congo	1	ANNUAL	CON_USD	31.273844	38.522392	48.25979	44.988209	62.558436	75.174424	82.475782	108.037344	229.165153	242.972292	261.720264	306.781872	339.384213	389.012908	421.508783	518.304103	394.9983758	2015	518.304103		
2017.Q2.G.01	DC_TOF_HLTHL	Total gross official disbursements for medical research and basic heath sectors, by recipient	184	-159.7711391	-21.22696458	COK	Cook Islands	1	ANNUAL	CON_USD			0.315721	0.909661	0.439735	0.002917	0.046204	0.079763	0.070098	0.000187	0.054719	0.086663	0.051533	0.120074	0.050547	0.171023	0.095968	2015	0.171023		
2017.Q2.G.01	DC_TOF_HLTHL	Total gross official disbursements for medical research and basic heath sectors, by recipient	188	-84.19712782	9.970998683	CRI	Costa Rica	1	ANNUAL	CON_USD	0.016977		0.244348	0.717813	0.841557	0.900925	2.911787	2.13764	3.539357	1.775239	1.01774	0.425327	0.38033	0.119006	0.362259	0.334907	0.3243658	2015	0.334907		
2017.Q2.G.01	DC_TOF_HLTHL	Total gross official disbursements for medical research and basic heath sectors, by recipient	191	17.95874553	45.45172212	HRV	Croatia	1	ANNUAL	CON_USD	0.019352	0.41202		0.120051	0.011645	0.011423		0.099821	0.016635	0.055548	0.076629							2010	0.076629		
2017.Q2.G.01	DC_TOF_HLTHL	Total gross official disbursements for medical research and basic heath sectors, by recipient	192	-79.54460144	22.10030366	CUB	Cuba	1	ANNUAL	CON_USD	4.008739	3.622337	2.393327	3.300131	1.778323	2.3301	2.312633	1.851436	4.482163	2.823429	4.350025	3.355544	1.883168	1.658517	2.910626	2.013255	2.364222	2015	2.013255		
2017.Q2.G.01	DC_TOF_HLTHL	Total gross official disbursements for medical research and basic heath sectors, by recipient	196	33.22285964	35.05659437	CYP	Cyprus	1	ANNUAL	CON_USD																					
2017.Q2.G.01	DC_TOF_HLTHL	Total gross official disbursements for medical research and basic heath sectors, by recipient	203	15.33151382	49.73913871	CZE	Czechia	1	ANNUAL	CON_USD																					
2017.Q2.G.01	DC_TOF_HLTHL	Total gross official disbursements for medical research and basic heath sectors, by recipient	204	2.339933594	9.65401646	BEN	Benin	1	ANNUAL	CON_USD	21.313236	6.008266	16.294019	15.209406	20.324094	22.340084	21.741774	27.084552	33.335869	42.997751	50.188518	53.076014	47.633946	59.143975	61.851936	47.021476	53.7454694	2015	47.021476		
2017.Q2.G.01	DC_TOF_HLTHL	Total gross official disbursements for medical research and basic heath sectors, by recipient	208	9.326571283	56.03829721	DNK	Denmark	1	ANNUAL	CON_USD																					
2017.Q2.G.01	DC_TOF_HLTHL	Total gross official disbursements for medical research and basic heath sectors, by recipient	212	-61.3493756	15.43391378	DMA	Dominica	1	ANNUAL	CON_USD							0.035917	0.041899	0.009789	0.029014	0.009577	0.057004		0.081665		0.086427	0.075032	2015	0.086427		
2017.Q2.G.01	DC_TOF_HLTHL	Total gross official disbursements for medical research and basic heath sectors, by recipient	214	-70.49847576	18.89832088	DOM	Dominican Republic	1	ANNUAL	CON_USD	3.296691	3.079827	6.930331	11.499792	3.346457	12.066214	8.486435	3.554191	5.437669	5.971333	10.385124	7.294174	9.1856	5.959228	5.695405	3.725544	6.3719902	2015	3.725544		
2017.Q2.G.01	DC_TOF_HLTHL	Total gross official disbursements for medical research and basic heath sectors, by recipient	218	-78.37005241	-1.447785891	ECU	Ecuador	1	ANNUAL	CON_USD	2.576855	5.533215	2.135754	2.176556	9.12148	15.229202	14.513713	22.638612	18.807864	9.95638	10.110131	9.002211	4.83258	5.145447	6.312708	2.732907	5.6051706	2015	2.732907		
2017.Q2.G.01	DC_TOF_HLTHL	Total gross official disbursements for medical research and basic heath sectors, by recipient	222	-88.86862995	13.73603564	SLV	El Salvador	1	ANNUAL	CON_USD	11.665227	14.995853	8.008951	7.844352	5.555179	13.050626	12.283178	7.953511	8.423047	6.575819	7.290083	4.859747	4.475283	3.158274	2.373614	3.153158	3.6040152	2015	3.153158		
2017.Q2.G.01	DC_TOF_HLTHL	Total gross official disbursements for medical research and basic heath sectors, by recipient	226	10.46535826	1.565792376	GNQ	Equatorial Guinea	1	ANNUAL	CON_USD	5.014429	3.728938	2.445704	3.030169	3.266427	4.328798	8.871676	5.247048	10.644687	5.889956	6.742243	6.792072	1.870999	0.486327	0.63024	0.878362	2.1316	2015	0.878362		
2017.Q2.G.01	DC_TOF_HLTHL	Total gross official disbursements for medical research and basic heath sectors, by recipient	231	39.63505296	8.631223181	ETH	Ethiopia	1	ANNUAL	CON_USD	19.097057	22.285459	51.870257	107.075304	56.754967	84.021237	170.180526	217.331925	130.117046	247.485589	193.468402	312.744559	331.309056	578.359806	414.888521	392.094668	405.879322	2015	392.094668		
2017.Q2.G.01	DC_TOF_HLTHL	Total gross official disbursements for medical research and basic heath sectors, by recipient	232	38.11074289	16.12894644	ERI	Eritrea	1	ANNUAL	CON_USD	30.984902	2.875228	14.475399	17.122872	11.001936	10.209774	5.654868	12.631789	8.531538	4.208116	27.290008	9.385854	10.91289	19.000458	14.248374	11.87634	13.0847832	2015	11.87634		
2017.Q2.G.01	DC_TOF_HLTHL	Total gross official disbursements for medical research and basic heath sectors, by recipient	233	25.84093481	58.68487172	EST	Estonia	1	ANNUAL	CON_USD																					
2017.Q2.G.01	DC_TOF_HLTHL	Total gross official disbursements for medical research and basic heath sectors, by recipient	234	-7.122044325	62.21228119	FRO	Faroe Islands	1	ANNUAL	CON_USD																					
2017.Q2.G.01	DC_TOF_HLTHL	Total gross official disbursements for medical research and basic heath sectors, by recipient	238	-58.75246778	-51.74562601	FLK	Falkland Islands (Malvinas)	1	ANNUAL	CON_USD																					
2017.Q2.G.01	DC_TOF_HLTHL	Total gross official disbursements for medical research and basic heath sectors, by recipient	239	-36.90662765	-54.20736749	SGS	South Georgia and the South Sandwich Islands	1	ANNUAL	CON_USD																					
2017.Q2.G.01	DC_TOF_HLTHL	Total gross official disbursements for medical research and basic heath sectors, by recipient	242	177.9660884	-17.83301566	FJI	Fiji	1	ANNUAL	CON_USD	2.326399	0.599461	6.158623	4.281099	4.340329	3.946125	0.662903	0.307392	1.20189	1.131988	3.679801	3.098923	9.271377	9.180061	9.225814	14.278707	9.0109764	2015	14.278707		
2017.Q2.G.01	DC_TOF_HLTHL	Total gross official disbursements for medical research and basic heath sectors, by recipient	246	23.308447	61.91586738	FIN	Finland	1	ANNUAL	CON_USD																					
2017.Q2.G.01	DC_TOF_HLTHL	Total gross official disbursements for medical research and basic heath sectors, by recipient	248	19.80945969	60.1544901	ALA	Åland Islands	1	ANNUAL	CON_USD																					
2017.Q2.G.01	DC_TOF_HLTHL	Total gross official disbursements for medical research and basic heath sectors, by recipient	250	2.457288129	46.62660861	FRA	France	1	ANNUAL	CON_USD																					
2017.Q2.G.01	DC_TOF_HLTHL	Total gross official disbursements for medical research and basic heath sectors, by recipient	254	-53.23619089	3.922673437	GUF	French Guiana	1	ANNUAL	CON_USD																					
2017.Q2.G.01	DC_TOF_HLTHL	Total gross official disbursements for medical research and basic heath sectors, by recipient	258	-149.4052367	-17.67709294	PYF	French Polynesia	1	ANNUAL	CON_USD																					
2017.Q2.G.01	DC_TOF_HLTHL	Total gross official disbursements for medical research and basic heath sectors, by recipient	260	69.64849091	-49.6068576	ATF	French Southern Territories	1	ANNUAL	CON_USD																					
2017.Q2.G.01	DC_TOF_HLTHL	Total gross official disbursements for medical research and basic heath sectors, by recipient	262	42.18274707	11.56004161	DJI	Djibouti	1	ANNUAL	CON_USD	0.199214	1.189551	1.563529	1.011579	3.06452	5.199343	6.695939	9.229691	8.149155	4.953801	3.697993	2.763651	7.507557	4.038067	3.805274	6.231259	4.8691616	2015	6.231259		
2017.Q2.G.01	DC_TOF_HLTHL	Total gross official disbursements for medical research and basic heath sectors, by recipient	266	11.78727747	-0.60687619	GAB	Gabon	1	ANNUAL	CON_USD		0.220098	0.098308	0.901345	3.237582	4.981327	8.401587	4.044167	2.849444	6.074566	2.068185	1.935887	1.554667	2.473962	2.015865	3.291477	2.2543716	2015	3.291477		
2017.Q2.G.01	DC_TOF_HLTHL	Total gross official disbursements for medical research and basic heath sectors, by recipient	268	43.3713615	42.04813028	GEO	Georgia	1	ANNUAL	CON_USD	4.476358	8.233279	7.237755	4.441788	3.377125	4.599837	3.548349	13.965566	13.293669	9.482942	17.612118	17.068361	6.186653	8.553897	7.05812	3.979926	8.5693914	2015	3.979926		
2017.Q2.G.01	DC_TOF_HLTHL	Total gross official disbursements for medical research and basic heath sectors, by recipient	270	-15.39944785	13.45295927	GMB	Gambia	1	ANNUAL	CON_USD	0.486213	0.640864	1.443115	2.031709	3.421818	5.800705	4.671456	8.659381	7.590097	7.612435	15.235332	19.05229	23.169271	27.91061	20.262537	21.272578	22.3334572	2015	21.272578		
2017.Q2.G.01	DC_TOF_HLTHL	Total gross official disbursements for medical research and basic heath sectors, by recipient	275	35.25694122	31.94347933	PSE	State of Palestine	1	ANNUAL	CON_USD	29.274397	16.219683	14.719293	37.5423	57.889452	53.786468	61.182473	48.99677	61.091721	62.943337	72.643213	66.379418	72.741174	48.246898	72.6397	96.253913	71.2522206	2015	96.253913		
2017.Q2.G.01	DC_TOF_HLTHL	Total gross official disbursements for medical research and basic heath sectors, by recipient	276	10.3806066	51.08862743	DEU	Germany	1	ANNUAL	CON_USD																					
2017.Q2.G.01	DC_TOF_HLTHL	Total gross official disbursements for medical research and basic heath sectors, by recipient	288	-1.205623522	7.964825185	GHA	Ghana	1	ANNUAL	CON_USD	16.081193	29.427107	18.428129	27.349367	21.54358	41.916033	36.52109	53.944599	86.224241	108.589852	125.856533	96.121443	163.782872	146.130231	123.902109	148.155468	135.6184246	2015	148.155468		
2017.Q2.G.01	DC_TOF_HLTHL	Total gross official disbursements for medical research and basic heath sectors, by recipient	292	-5.347561686	36.13895036	GIB	Gibraltar	1	ANNUAL	CON_USD																					
2017.Q2.G.01	DC_TOF_HLTHL	Total gross official disbursements for medical research and basic heath sectors, by recipient	296	-157.5643005	1.768837732	KIR	Kiribati	1	ANNUAL	CON_USD	0.099852		0.108966			1.974887	1.149045	0.793582	0.151635	1.428372	0.233003	0.24263	1.645818	0.997857	0.767353	1.054865	0.9417046	2015	1.054865		
2017.Q2.G.01	DC_TOF_HLTHL	Total gross official disbursements for medical research and basic heath sectors, by recipient	300	22.58307827	39.47301873	GRC	Greece	1	ANNUAL	CON_USD																					
2017.Q2.G.01	DC_TOF_HLTHL	Total gross official disbursements for medical research and basic heath sectors, by recipient	304	-41.39371316	74.75625681	GRL	Greenland	1	ANNUAL	CON_USD																					
2017.Q2.G.01	DC_TOF_HLTHL	Total gross official disbursements for medical research and basic heath sectors, by recipient	308	-61.68248568	12.11238395	GRD	Grenada	1	ANNUAL	CON_USD				0.064836	0.033367	0.00591	0.07782	0.2377	0.13974	0.124269				0.024188		0.017836	0.021012	2015	0.017836		
2017.Q2.G.01	DC_TOF_HLTHL	Total gross official disbursements for medical research and basic heath sectors, by recipient	312	-61.64762115	16.14416917	GLP	Guadeloupe	1	ANNUAL	CON_USD																					
2017.Q2.G.01	DC_TOF_HLTHL	Total gross official disbursements for medical research and basic heath sectors, by recipient	316	144.7029305	13.35485404	GUM	Guam	1	ANNUAL	CON_USD																					
2017.Q2.G.01	DC_TOF_HLTHL	Total gross official disbursements for medical research and basic heath sectors, by recipient	320	-91.2312746	15.00273719	GTM	Guatemala	1	ANNUAL	CON_USD	4.27752	6.278054	15.54205	20.996873	4.603657	15.588449	21.956322	24.927226	24.526659	20.335277	15.957488	28.013189	20.091166	25.794703	25.576896	46.402532	29.1756972	2015	46.402532		
2017.Q2.G.01	DC_TOF_HLTHL	Total gross official disbursements for medical research and basic heath sectors, by recipient	324	-11.28173419	11.00210343	GIN	Guinea	1	ANNUAL	CON_USD	4.711779	5.410042	6.087386	4.809457	6.261801	7.618484	5.931372	7.816539	9.070256	9.733741	23.582808	7.462414	29.287026	15.909627	94.603033	139.841589	57.4207378	2015	139.841589		
2017.Q2.G.01	DC_TOF_HLTHL	Total gross official disbursements for medical research and basic heath sectors, by recipient	328	-58.97322037	4.788012784	GUY	Guyana	1	ANNUAL	CON_USD	0.370554	5.081181	0.061454	0.751468	6.567733	2.629137	1.366986	1.499314	1.244835	3.202951	4.664587	2.288778	2.659094	1.667915	1.104656	1.792616	1.9026118	2015	1.792616		
2017.Q2.G.01	DC_TOF_HLTHL	Total gross official disbursements for medical research and basic heath sectors, by recipient	332	-72.33640958	18.40426539	HTI	Haiti	1	ANNUAL	CON_USD	15.162059	9.416102	2.407203	4.282663	13.537109	7.771426	21.142234	17.37895	28.352599	13.022817	15.142652	72.088056	52.991628	60.833523	41.422666	56.849912	56.837157	2015	56.849912		
2017.Q2.G.01	DC_TOF_HLTHL	Total gross official disbursements for medical research and basic heath sectors, by recipient	334	73.52633626	-53.09106147	HMD	Heard Island and McDonald Islands	1	ANNUAL	CON_USD																					
2017.Q2.G.01	DC_TOF_HLTHL	Total gross official disbursements for medical research and basic heath sectors, by recipient	336	12.45315803	41.90343751	VAT	Holy See	1	ANNUAL	CON_USD																					
2017.Q2.G.01	DC_TOF_HLTHL	Total gross official disbursements for medical research and basic heath sectors, by recipient	340	-86.59974381	14.82243161	HND	Honduras	1	ANNUAL	CON_USD	4.629115	5.636972	8.685258	7.330814	14.784486	19.626192	12.526617	17.137286	25.74676	21.985808	28.100085	23.201339	29.902933	15.279677	26.332217	35.939915	26.1312162	2015	35.939915		
2017.Q2.G.01	DC_TOF_HLTHL	Total gross official disbursements for medical research and basic heath sectors, by recipient	344	114.0266445	22.41749934	HKG	China, Hong Kong Special Administrative Region	1	ANNUAL	CON_USD																					
2017.Q2.G.01	DC_TOF_HLTHL	Total gross official disbursements for medical research and basic heath sectors, by recipient	348	19.41221519	47.1651448	HUN	Hungary	1	ANNUAL	CON_USD																					
2017.Q2.G.01	DC_TOF_HLTHL	Total gross official disbursements for medical research and basic heath sectors, by recipient	352	-19.02116966	64.79134763	ISL	Iceland	1	ANNUAL	CON_USD																					
2017.Q2.G.01	DC_TOF_HLTHL	Total gross official disbursements for medical research and basic heath sectors, by recipient	356	79.3608464	22.34642074	IND	India	1	ANNUAL	CON_USD	340.865742	124.968063	290.767694	207.498104	193.445455	285.182596	254.001407	243.722385	204.781939	183.327909	266.546357	296.304046	254.799485	368.179596	237.938081	391.271913	309.6986242	2015	391.271913		
2017.Q2.G.01	DC_TOF_HLTHL	Total gross official disbursements for medical research and basic heath sectors, by recipient	360	113.9174	-0.994582204	IDN	Indonesia	1	ANNUAL	CON_USD	87.697241	33.742703	39.622279	59.854092	45.356934	59.927477	94.484021	100.727816	125.593449	113.497374	108.618234	102.669182	168.227833	143.110264	73.270138	98.570959	117.1696752	2015	98.570959		
2017.Q2.G.01	DC_TOF_HLTHL	Total gross official disbursements for medical research and basic heath sectors, by recipient	364	54.19766348	32.74370885	IRN	Iran (Islamic Republic of)	1	ANNUAL	CON_USD	0.522533	0.364215	0.293259	0.286954	0.665787	0.788621	0.730904	0.724808	3.977713	0.12315	4.972864	4.594795	10.051367	4.89393	4.030952	3.482884	5.4107856	2015	3.482884		
2017.Q2.G.01	DC_TOF_HLTHL	Total gross official disbursements for medical research and basic heath sectors, by recipient	368	43.76606267	33.05013795	IRQ	Iraq	1	ANNUAL	CON_USD	2.152363	4.133066	1.394476	26.874102	71.781706	486.295785	383.944618	208.979222	58.992377	68.539201	49.21088	14.494967	4.962676	22.685158	11.551937	11.66335	13.0716176	2015	11.66335		
2017.Q2.G.01	DC_TOF_HLTHL	Total gross official disbursements for medical research and basic heath sectors, by recipient	372	-7.121425272	53.25274054	IRL	Ireland	1	ANNUAL	CON_USD																					
2017.Q2.G.01	DC_TOF_HLTHL	Total gross official disbursements for medical research and basic heath sectors, by recipient	376	34.62277992	31.06164552	ISR	Israel	1	ANNUAL	CON_USD																					
2017.Q2.G.01	DC_TOF_HLTHL	Total gross official disbursements for medical research and basic heath sectors, by recipient	380	12.57022427	42.79917282	ITA	Italy	1	ANNUAL	CON_USD																					
2017.Q2.G.01	DC_TOF_HLTHL	Total gross official disbursements for medical research and basic heath sectors, by recipient	384	-5.552690016	7.62211586	CIV	Côte d'Ivoire	1	ANNUAL	CON_USD	2.535463	2.294053	3.853881	5.239373	14.107303	10.338148	27.24453	18.059652	19.409547	31.737685	69.07556	27.077948	34.308985	58.556172	72.449459	51.661647	48.8108422	2015	51.661647		
2017.Q2.G.01	DC_TOF_HLTHL	Total gross official disbursements for medical research and basic heath sectors, by recipient	388	-77.31068409	18.15616857	JAM	Jamaica	1	ANNUAL	CON_USD	0.302542	0.371411	0.056335	0.065649	0.224175	0.642085	3.105954	3.182232	2.047934	1.437736	1.369988	0.686936	0.45727	0.131973	0.070741	0.179316	0.3052472	2015	0.179316		
2017.Q2.G.01	DC_TOF_HLTHL	Total gross official disbursements for medical research and basic heath sectors, by recipient	392	139.2716103	36.6554539	JPN	Japan	1	ANNUAL	CON_USD																					
2017.Q2.G.01	DC_TOF_HLTHL	Total gross official disbursements for medical research and basic heath sectors, by recipient	398	66.65359159	48.01963494	KAZ	Kazakhstan	1	ANNUAL	CON_USD	2.730367	3.194002	9.03104	10.131526	5.974015	6.076312	6.355612	5.407792	5.244091	18.472246	26.77372	17.032106	12.583254	7.01061	8.582777	4.230299	9.8878092	2015	4.230299		
2017.Q2.G.01	DC_TOF_HLTHL	Total gross official disbursements for medical research and basic heath sectors, by recipient	400	37.13024774	30.65365973	JOR	Jordan	1	ANNUAL	CON_USD	7.456436	0.763549	13.54176	1.429783	0.884259	25.21443	18.596565	19.882299	20.646855	25.106871	37.539246	20.934586	30.073321	20.157161	24.604774	37.628664	26.6797012	2015	37.628664		
2017.Q2.G.01	DC_TOF_HLTHL	Total gross official disbursements for medical research and basic heath sectors, by recipient	404	37.86096816	0.534797278	KEN	Kenya	1	ANNUAL	CON_USD	57.998257	83.218343	41.161447	33.995194	34.745983	57.603311	104.839132	66.225708	82.124368	119.906828	182.217179	189.833386	180.54366	192.303467	199.4071	192.217126	190.8609478	2015	192.217126		
2017.Q2.G.01	DC_TOF_HLTHL	Total gross official disbursements for medical research and basic heath sectors, by recipient	408	127.1803633	40.1462645	PRK	Democratic People's Republic of Korea	1	ANNUAL	CON_USD	1.511232	1.856076	3.081636	1.495611	2.889392	3.568148	0.87566	4.13554	3.514797	15.222498	27.498579	15.96533	16.630573	22.601323	25.374814	23.597569	20.8339218	2015	23.597569		
2017.Q2.G.01	DC_TOF_HLTHL	Total gross official disbursements for medical research and basic heath sectors, by recipient	410	127.8610254	36.45201023	KOR	Republic of Korea	1	ANNUAL	CON_USD																					
2017.Q2.G.01	DC_TOF_HLTHL	Total gross official disbursements for medical research and basic heath sectors, by recipient	414	47.49305029	29.53949468	KWT	Kuwait	1	ANNUAL	CON_USD																					
2017.Q2.G.01	DC_TOF_HLTHL	Total gross official disbursements for medical research and basic heath sectors, by recipient	417	74.52324839	41.46204516	KGZ	Kyrgyzstan	1	ANNUAL	CON_USD	1.486424	10.876155	6.096561	8.297853	8.984887	11.451642	11.185026	11.508685	13.908757	10.107738	11.045774	19.777834	18.932119	15.621863	23.829312	21.32178	19.8965816	2015	21.32178		
2017.Q2.G.01	DC_TOF_HLTHL	Total gross official disbursements for medical research and basic heath sectors, by recipient	418	101.9901968	20.27482773	LAO	Lao People's Democratic Republic	1	ANNUAL	CON_USD	37.812205	22.286055	8.237181	9.559215	9.054074	20.858576	16.792624	19.842173	23.905584	16.956557	24.611791	27.256484	33.470312	37.790707	34.067905	31.055697	32.728221	2015	31.055697		
2017.Q2.G.01	DC_TOF_HLTHL	Total gross official disbursements for medical research and basic heath sectors, by recipient	422	35.89391711	33.92152458	LBN	Lebanon	1	ANNUAL	CON_USD	3.455834	2.823042	1.44865	2.34146	3.323298	16.352216	24.742657	24.49612	16.98835	19.736127	20.908747	18.530208	20.859127	23.805823	40.893144	29.684141	26.7544886	2015	29.684141		
2017.Q2.G.01	DC_TOF_HLTHL	Total gross official disbursements for medical research and basic heath sectors, by recipient	426	28.25362195	-29.58041814	LSO	Lesotho	1	ANNUAL	CON_USD	3.442445	1.886968	2.688416	3.699186	2.415392	1.571486	0.822743	2.68541	5.808291	3.380971	18.786229	32.786341	27.939704	66.518344	3.459988	2.32442	26.6057594	2015	2.32442		
2017.Q2.G.01	DC_TOF_HLTHL	Total gross official disbursements for medical research and basic heath sectors, by recipient	428	26.42461876	56.64196636	LVA	Latvia	1	ANNUAL	CON_USD																					
2017.Q2.G.01	DC_TOF_HLTHL	Total gross official disbursements for medical research and basic heath sectors, by recipient	430	-9.311879038	6.448381009	LBR	Liberia	1	ANNUAL	CON_USD	6.863667	3.199538	4.242596	7.942937	11.877316	9.817174	13.085842	6.234088	27.287	38.620108	46.218189	51.432261	65.305246	56.422874	115.543397	211.16737	99.9742296	2015	211.16737		
2017.Q2.G.01	DC_TOF_HLTHL	Total gross official disbursements for medical research and basic heath sectors, by recipient	434	18.0295985	27.04042819	LBY	Libya	1	ANNUAL	CON_USD						0.205646		0.027414	21.031427	15.588703	0.54422	2.692187	0.493255	3.27	0.087349	0.011137	1.3107856	2015	0.011137		
2017.Q2.G.01	DC_TOF_HLTHL	Total gross official disbursements for medical research and basic heath sectors, by recipient	438	9.552985019	47.14167005	LIE	Liechtenstein	1	ANNUAL	CON_USD																					
2017.Q2.G.01	DC_TOF_HLTHL	Total gross official disbursements for medical research and basic heath sectors, by recipient	440	23.90517807	55.33680309	LTU	Lithuania	1	ANNUAL	CON_USD																					
2017.Q2.G.01	DC_TOF_HLTHL	Total gross official disbursements for medical research and basic heath sectors, by recipient	442	6.092656563	49.77679538	LUX	Luxembourg	1	ANNUAL	CON_USD																					
2017.Q2.G.01	DC_TOF_HLTHL	Total gross official disbursements for medical research and basic heath sectors, by recipient	446	113.5665388	22.1237259	MAC	China, Macao Special Administrative Region	1	ANNUAL	CON_USD																					
2017.Q2.G.01	DC_TOF_HLTHL	Total gross official disbursements for medical research and basic heath sectors, by recipient	450	46.6982339	-19.38514785	MDG	Madagascar	1	ANNUAL	CON_USD	6.163817	13.055013	14.389304	18.042805	24.75253	44.832018	33.953027	49.798377	53.061525	48.529587	104.131591	58.187316	56.895723	101.510005	81.24021	112.432627	82.0531762	2015	112.432627		
2017.Q2.G.01	DC_TOF_HLTHL	Total gross official disbursements for medical research and basic heath sectors, by recipient	454	33.4884625	-13.40819859	MWI	Malawi	1	ANNUAL	CON_USD	36.568087	15.34314	25.172159	34.375979	29.900225	10.90942	25.83896	42.743009	76.62328	57.532484	58.797305	145.253619	156.875382	163.615373	119.834449	163.383461	149.7924568	2015	163.383461		
2017.Q2.G.01	DC_TOF_HLTHL	Total gross official disbursements for medical research and basic heath sectors, by recipient	458	116.8346314	5.452415309	MYS	Malaysia	1	ANNUAL	CON_USD	0.019129	0.034595	0.420101	0.143048	0.413337	0.316324	0.039412	0.004084	0.037165	0.112992	0.028405	0.327106	0.548707	0.549709	0.522471	0.619745	0.5135476	2015	0.619745		
2017.Q2.G.01	DC_TOF_HLTHL	Total gross official disbursements for medical research and basic heath sectors, by recipient	462	73.09672546	-0.614385021	MDV	Maldives	1	ANNUAL	CON_USD	0.234159	0.190964	0.170209	0.135541	0.354341	0.516429	0.068362	0.199855	0.392581	0.142486	0.249696	0.680374	0.431573	0.345746	0.527727	1.059583	0.6090006	2015	1.059583		
2017.Q2.G.01	DC_TOF_HLTHL	Total gross official disbursements for medical research and basic heath sectors, by recipient	466	-3.522016039	17.35311254	MLI	Mali	1	ANNUAL	CON_USD	27.626302	30.584198	8.936537	16.475867	21.836612	31.505999	30.959238	36.080566	49.018371	69.750399	98.238416	107.06599	96.574601	104.89606	93.028633	132.935927	106.9002422	2015	132.935927		
2017.Q2.G.01	DC_TOF_HLTHL	Total gross official disbursements for medical research and basic heath sectors, by recipient	470	14.44617519	35.89194275	MLT	Malta	1	ANNUAL	CON_USD																					
2017.Q2.G.01	DC_TOF_HLTHL	Total gross official disbursements for medical research and basic heath sectors, by recipient	474	-60.91544135	14.56086108	MTQ	Martinique	1	ANNUAL	CON_USD																					
2017.Q2.G.01	DC_TOF_HLTHL	Total gross official disbursements for medical research and basic heath sectors, by recipient	478	-10.33187259	20.26089546	MRT	Mauritania	1	ANNUAL	CON_USD	4.079142	3.189225	4.503957	4.875192	5.864055	2.908861	2.896737	9.450346	8.797785	6.812245	7.353665	5.525531	3.051224	10.17691	12.855649	13.303171	8.982497	2015	13.303171		
2017.Q2.G.01	DC_TOF_HLTHL	Total gross official disbursements for medical research and basic heath sectors, by recipient	480	57.568022	-20.28581998	MUS	Mauritius	1	ANNUAL	CON_USD	0.090911	0.041514	0.041991	0.028341	0.019259	0.018892	0.198479					0.20801	0.070363	0.318213	0.082675	0.176591	0.1711704	2015	0.176591		
2017.Q2.G.01	DC_TOF_HLTHL	Total gross official disbursements for medical research and basic heath sectors, by recipient	484	-102.5148166	23.93378032	MEX	Mexico	1	ANNUAL	CON_USD	5.685311	6.537535	4.157392	3.628488	5.857383	6.026635	8.160002	11.508022	3.499627	6.410081	3.394017	3.114495	3.932992	2.812535	1.681253	0.960941	2.5004432	2015	0.960941		
2017.Q2.G.01	DC_TOF_HLTHL	Total gross official disbursements for medical research and basic heath sectors, by recipient	492	7.424214814	43.73532918	MCO	Monaco	1	ANNUAL	CON_USD																					
2017.Q2.G.01	DC_TOF_HLTHL	Total gross official disbursements for medical research and basic heath sectors, by recipient	496	103.0728057	46.83892054	MNG	Mongolia	1	ANNUAL	CON_USD	10.230748	0.190114	1.000759	1.080004	0.834659	2.805136	1.243763	8.955484	6.124397	5.341643	8.68747	17.095206	11.66524	9.937642	6.218294	4.903642	9.9640048	2015	4.903642		
2017.Q2.G.01	DC_TOF_HLTHL	Total gross official disbursements for medical research and basic heath sectors, by recipient	498	28.4650624	47.20236795	MDA	Republic of Moldova	1	ANNUAL	CON_USD	9.84043	1.287628	1.280688	1.017963	1.775443	2.818923	3.515482	6.473584	12.536434	18.345635	16.828201	23.788262	24.785424	23.512321	11.977124	11.303958	19.0734178	2015	11.303958		
2017.Q2.G.01	DC_TOF_HLTHL	Total gross official disbursements for medical research and basic heath sectors, by recipient	499	19.25214024	42.78717043	MNE	Montenegro	1	ANNUAL	CON_USD					0.165003	0.265544	2.375439	5.158824	3.224664	0.784008	0.693656	0.162259	0.2578	0.22621	0.18196	0.086588	0.1829634	2015	0.086588		
2017.Q2.G.01	DC_TOF_HLTHL	Total gross official disbursements for medical research and basic heath sectors, by recipient	500	-62.19261223	16.73558313	MSR	Montserrat	1	ANNUAL	CON_USD									0.191393	0.461893		0.179691		0.222742	0.890839		0.431090666666667	2014	0.890839		
2017.Q2.G.01	DC_TOF_HLTHL	Total gross official disbursements for medical research and basic heath sectors, by recipient	504	-6.281942841	31.8440131	MAR	Morocco	1	ANNUAL	CON_USD	3.317345	4.502187	7.880405	8.244261	5.751987	5.697068	2.376916	16.903971	6.679506	6.126229	22.388476	18.832705	4.137939	9.850948	9.059354	3.887662	9.1537216	2015	3.887662		
2017.Q2.G.01	DC_TOF_HLTHL	Total gross official disbursements for medical research and basic heath sectors, by recipient	508	38.18479941	-14.27963886	MOZ	Mozambique	1	ANNUAL	CON_USD	128.752823	66.496674	64.157193	41.59447	58.749815	50.054993	58.52544	64.756266	87.568477	72.313549	113.199451	119.368448	154.20532	199.739299	240.70465	239.154744	190.6344922	2015	239.154744		
2017.Q2.G.01	DC_TOF_HLTHL	Total gross official disbursements for medical research and basic heath sectors, by recipient	512	57.87743482	21.98805614	OMN	Oman	1	ANNUAL	CON_USD	0.366592	0.232478	0.250256	0.24876														2003	0.24876		
2017.Q2.G.01	DC_TOF_HLTHL	Total gross official disbursements for medical research and basic heath sectors, by recipient	516	17.21907885	-22.13817068	NAM	Namibia	1	ANNUAL	CON_USD	1.234312	0.250249	0.754567	1.131146	1.988726	2.781782	7.111347	9.922717	3.578849	12.571683	4.502312	4.914406	5.933121	7.666731	8.8287	4.037978	6.2761872	2015	4.037978		
2017.Q2.G.01	DC_TOF_HLTHL	Total gross official disbursements for medical research and basic heath sectors, by recipient	520	166.92313	-0.528742623	NRU	Nauru	1	ANNUAL	CON_USD						0.220728	0.183894	0.662019	0.152947			0.014774	0.182617	0.208531	0.081406	7.538833	1.6052322	2015	7.538833		
2017.Q2.G.01	DC_TOF_HLTHL	Total gross official disbursements for medical research and basic heath sectors, by recipient	524	83.94678863	28.25866332	NPL	Nepal	1	ANNUAL	CON_USD	15.871092	39.119531	21.43179	19.915377	15.835661	19.808035	23.4358	37.738586	40.048951	36.266519	75.52741	56.362682	55.712969	77.710302	112.455651	99.456999	80.3397206	2015	99.456999		
2017.Q2.G.01	DC_TOF_HLTHL	Total gross official disbursements for medical research and basic heath sectors, by recipient	528	5.331480568	51.86728884	NLD	Netherlands	1	ANNUAL	CON_USD																					
2017.Q2.G.01	DC_TOF_HLTHL	Total gross official disbursements for medical research and basic heath sectors, by recipient	530	-68.30676179	12.22720635	ANT	Netherlands Antilles	1	ANNUAL	CON_USD																					
2017.Q2.G.01	DC_TOF_HLTHL	Total gross official disbursements for medical research and basic heath sectors, by recipient	531	-68.95033464	12.15058042	CUW	Curaçao	1	ANNUAL	CON_USD																					
2017.Q2.G.01	DC_TOF_HLTHL	Total gross official disbursements for medical research and basic heath sectors, by recipient	533	-69.97050586	12.50878756	ABW	Aruba	1	ANNUAL	CON_USD																					
2017.Q2.G.01	DC_TOF_HLTHL	Total gross official disbursements for medical research and basic heath sectors, by recipient	534	-63.06198692	18.03926508	SXM	Sint Maarten (Dutch part)	1	ANNUAL	CON_USD																					
2017.Q2.G.01	DC_TOF_HLTHL	Total gross official disbursements for medical research and basic heath sectors, by recipient	540	165.5067368	-21.41742531	NCL	New Caledonia	1	ANNUAL	CON_USD																					
2017.Q2.G.01	DC_TOF_HLTHL	Total gross official disbursements for medical research and basic heath sectors, by recipient	548	167.0679779	-15.34445547	VUT	Vanuatu	1	ANNUAL	CON_USD	0.499446	0.333051	0.349	0.855737	0.669081	0.72798	0.461621	0.897117	3.087841	4.873613	3.707344	6.065603	5.013559	7.820821	4.962398	5.539575	5.8803912	2015	5.539575		
2017.Q2.G.01	DC_TOF_HLTHL	Total gross official disbursements for medical research and basic heath sectors, by recipient	554	170.4755673	-43.98721568	NZL	New Zealand	1	ANNUAL	CON_USD																					
2017.Q2.G.01	DC_TOF_HLTHL	Total gross official disbursements for medical research and basic heath sectors, by recipient	558	-85.03060315	12.84210839	NIC	Nicaragua	1	ANNUAL	CON_USD	7.925377	13.310477	6.202038	7.601001	13.301875	21.943079	27.231981	32.181768	28.964054	24.526665	23.460084	15.325905	22.637234	24.088773	20.945828	19.480043	20.4955566	2015	19.480043		
2017.Q2.G.01	DC_TOF_HLTHL	Total gross official disbursements for medical research and basic heath sectors, by recipient	562	9.400167877	17.42143036	NER	Niger	1	ANNUAL	CON_USD	2.024344	2.130262	5.789032	10.613475	16.609827	22.788066	41.996928	28.071545	49.64873	49.640891	61.886938	44.255766	30.144576	53.210312	81.483726	67.023232	55.2235224	2015	67.023232		
2017.Q2.G.01	DC_TOF_HLTHL	Total gross official disbursements for medical research and basic heath sectors, by recipient	566	8.097363256	9.585789025	NGA	Nigeria	1	ANNUAL	CON_USD	18.587394	115.746465	53.732113	56.457848	93.00447	73.772608	119.993078	171.852366	223.477352	463.104533	179.924807	247.253496	320.330586	518.80676	435.67215	697.876431	443.9878846	2015	697.876431		
2017.Q2.G.01	DC_TOF_HLTHL	Total gross official disbursements for medical research and basic heath sectors, by recipient	570	-169.8601693	-19.05000475	NIU	Niue	1	ANNUAL	CON_USD			0.203961	0.000459	0.122765	5.070474	0.90331	0.37397	0.45856	0.246403	0.194872	0.030398	0.01308	0.157906	0.013078	0.027384	0.0483692	2015	0.027384		
2017.Q2.G.01	DC_TOF_HLTHL	Total gross official disbursements for medical research and basic heath sectors, by recipient	574	167.9515548	-29.03230018	NFK	Norfolk Island	1	ANNUAL	CON_USD																					
2017.Q2.G.01	DC_TOF_HLTHL	Total gross official disbursements for medical research and basic heath sectors, by recipient	578	11.47846389	61.34311134	NOR	Norway	1	ANNUAL	CON_USD																					
2017.Q2.G.01	DC_TOF_HLTHL	Total gross official disbursements for medical research and basic heath sectors, by recipient	580	145.7582114	15.19099517	MNP	Northern Mariana Islands	1	ANNUAL	CON_USD																					
2017.Q2.G.01	DC_TOF_HLTHL	Total gross official disbursements for medical research and basic heath sectors, by recipient	581	-162.4343752	5.874443968	UMI	US Minor Outlying Islands	1	ANNUAL	CON_USD																					
2017.Q2.G.01	DC_TOF_HLTHL	Total gross official disbursements for medical research and basic heath sectors, by recipient	583	158.225216	6.880670092	FSM	Micronesia, Federated States of	1	ANNUAL	CON_USD				4.721639	0.024258	0.04917	0.065446	0.060831	0.044008	0.059934	0.223045	0.181454	0.176687	0.543405	0.381795	0.364795	0.3296272	2015	0.364795		
2017.Q2.G.01	DC_TOF_HLTHL	Total gross official disbursements for medical research and basic heath sectors, by recipient	584	171.0839119	7.110213497	MHL	Marshall Islands	1	ANNUAL	CON_USD				2.310067	0.095954	0.211599	0.096434	0.081267	0.108896	0.077819	0.100012	0.305862	0.189714	0.322046	0.151037	0.21126	0.2359838	2015	0.21126		
2017.Q2.G.01	DC_TOF_HLTHL	Total gross official disbursements for medical research and basic heath sectors, by recipient	585	134.5733878	7.502307591	PLW	Palau	1	ANNUAL	CON_USD				0.895355	0.844822	0.869805	0.751339	0.02424	0.726182	0.767353	0.241889	0.046058	0.044478	0.199517	0.024489	0.149537	0.0928158	2015	0.149537		
2017.Q2.G.01	DC_TOF_HLTHL	Total gross official disbursements for medical research and basic heath sectors, by recipient	586	68.80479684	29.36491634	PAK	Pakistan	1	ANNUAL	CON_USD	24.489165	30.521598	24.140677	35.184758	41.721218	59.883166	113.082138	147.168319	147.888753	210.958399	323.704742	122.18658	277.353773	301.544552	166.105892	203.747231	214.1876056	2015	203.747231		
2017.Q2.G.01	DC_TOF_HLTHL	Total gross official disbursements for medical research and basic heath sectors, by recipient	591	-81.26616623	8.450965746	PAN	Panama	1	ANNUAL	CON_USD		0.174627	0.036544	0.503054	0.454102	0.426248	0.579393	0.43415	0.617505	0.829209	0.279069	0.168557	0.337563	0.646955	1.001885	3.232224	1.0774368	2015	3.232224		
2017.Q2.G.01	DC_TOF_HLTHL	Total gross official disbursements for medical research and basic heath sectors, by recipient	598	145.8587761	-6.756057077	PNG	Papua New Guinea	1	ANNUAL	CON_USD	114.882464	0.975382	65.104114	49.764056	42.996201	36.402555	24.604943	32.710566	36.632026	52.067005	24.939851	41.20235	38.465159	36.222991	22.795508	64.167356	40.5706728	2015	64.167356		
2017.Q2.G.01	DC_TOF_HLTHL	Total gross official disbursements for medical research and basic heath sectors, by recipient	600	-60.54854225	-21.70216237	PRY	Paraguay	1	ANNUAL	CON_USD	0.311428	0.558873		0.168935	0.676248	1.36452	1.593517	7.590751	7.117968	4.558375	10.690382	4.194152	6.281144	4.598052	3.416062	5.617137	4.8213094	2015	5.617137		
2017.Q2.G.01	DC_TOF_HLTHL	Total gross official disbursements for medical research and basic heath sectors, by recipient	604	-71.82093277	-13.58939705	PER	Peru	1	ANNUAL	CON_USD	12.743726	10.249612	17.516573	14.60308	13.822514	44.133877	27.820714	21.38653	30.057915	56.446883	30.542512	20.628762	37.538345	32.177762	10.314793	9.501287	22.0321898	2015	9.501287		
2017.Q2.G.01	DC_TOF_HLTHL	Total gross official disbursements for medical research and basic heath sectors, by recipient	608	120.8601418	14.16591706	PHL	Philippines	1	ANNUAL	CON_USD	17.50953	16.583779	15.521272	15.339879	19.924527	11.392634	24.21283	48.801387	26.618825	38.697653	78.855625	58.196787	31.040985	38.329973	53.949383	95.499204	55.4032664	2015	95.499204		
2017.Q2.G.01	DC_TOF_HLTHL	Total gross official disbursements for medical research and basic heath sectors, by recipient	612	-128.3225873	-24.37538456	PCN	Pitcairn	1	ANNUAL	CON_USD																					
2017.Q2.G.01	DC_TOF_HLTHL	Total gross official disbursements for medical research and basic heath sectors, by recipient	616	19.40660158	52.1226733	POL	Poland	1	ANNUAL	CON_USD																					
2017.Q2.G.01	DC_TOF_HLTHL	Total gross official disbursements for medical research and basic heath sectors, by recipient	620	-7.961599811	39.68509315	PRT	Portugal	1	ANNUAL	CON_USD																					
2017.Q2.G.01	DC_TOF_HLTHL	Total gross official disbursements for medical research and basic heath sectors, by recipient	624	-14.40182514	12.11760394	GNB	Guinea-Bissau	1	ANNUAL	CON_USD	0.457258	4.92932	2.10807	1.242083	3.027366	3.543861	2.931189	5.471725	5.605319	5.165239	19.450887	5.973483	14.38958	33.737054	10.727737	18.466814	16.6589336	2015	18.466814		
2017.Q2.G.01	DC_TOF_HLTHL	Total gross official disbursements for medical research and basic heath sectors, by recipient	626	125.9451052	-8.797497247	TLS	Timor-Leste	1	ANNUAL	CON_USD	2.225001	6.267584	1.09131	2.322675	3.230768	7.56231	16.866801	11.457782	9.342144	9.518096	7.72559	3.123448	13.295952	6.833275	10.931162	13.738794	9.5845262	2015	13.738794		
2017.Q2.G.01	DC_TOF_HLTHL	Total gross official disbursements for medical research and basic heath sectors, by recipient	630	-66.47591017	18.22753799	PRI	Puerto Rico	1	ANNUAL	CON_USD																					
2017.Q2.G.01	DC_TOF_HLTHL	Total gross official disbursements for medical research and basic heath sectors, by recipient	634	51.19152467	25.28355379	QAT	Qatar	1	ANNUAL	CON_USD																					
2017.Q2.G.01	DC_TOF_HLTHL	Total gross official disbursements for medical research and basic heath sectors, by recipient	638	55.53171398	-21.13183266	REU	Réunion	1	ANNUAL	CON_USD																					
2017.Q2.G.01	DC_TOF_HLTHL	Total gross official disbursements for medical research and basic heath sectors, by recipient	642	24.98481009	45.83893563	ROU	Romania	1	ANNUAL	CON_USD																					
2017.Q2.G.01	DC_TOF_HLTHL	Total gross official disbursements for medical research and basic heath sectors, by recipient	643	99.01404926	61.61899849	RUS	Russian Federation	1	ANNUAL	CON_USD																					
2017.Q2.G.01	DC_TOF_HLTHL	Total gross official disbursements for medical research and basic heath sectors, by recipient	646	29.92310194	-1.999842114	RWA	Rwanda	1	ANNUAL	CON_USD	13.068308	8.747932	21.914452	11.686939	25.011565	30.399011	58.976286	37.727008	79.207874	87.085089	69.381426	72.033494	74.291187	81.944446	100.200202	83.131108	82.3200874	2015	83.131108		
2017.Q2.G.01	DC_TOF_HLTHL	Total gross official disbursements for medical research and basic heath sectors, by recipient	652	-62.83173536	17.89513362	BLM	Saint Barthélemy	1	ANNUAL	CON_USD																					
2017.Q2.G.01	DC_TOF_HLTHL	Total gross official disbursements for medical research and basic heath sectors, by recipient	654	-5.705752501	-15.96503946	SHN	Saint Helena	1	ANNUAL	CON_USD																					
2017.Q2.G.01	DC_TOF_HLTHL	Total gross official disbursements for medical research and basic heath sectors, by recipient	659	-62.76628613	17.33994219	KNA	Saint Kitts and Nevis	1	ANNUAL	CON_USD			1.684761	0.023392						0.025435								2009	0.025435		
2017.Q2.G.01	DC_TOF_HLTHL	Total gross official disbursements for medical research and basic heath sectors, by recipient	660	-63.05651612	18.21525315	AIA	Anguilla	1	ANNUAL	CON_USD	0.01385	0.287895	0.033725											0.001471			0.001471	2013	0.001471		
2017.Q2.G.01	DC_TOF_HLTHL	Total gross official disbursements for medical research and basic heath sectors, by recipient	662	-60.96529553	13.89405601	LCA	Saint Lucia	1	ANNUAL	CON_USD				0.046732	0.077272	0.085927	0.272367	0.111708	0.154112	0.116983		0.17981	0.039242	0.064592	0.457795	0.192163	0.1867204	2015	0.192163		
2017.Q2.G.01	DC_TOF_HLTHL	Total gross official disbursements for medical research and basic heath sectors, by recipient	663	-63.04505461	18.0882685	MAF	Saint Martin (French Part)	1	ANNUAL	CON_USD																					
2017.Q2.G.01	DC_TOF_HLTHL	Total gross official disbursements for medical research and basic heath sectors, by recipient	666	-56.33682442	46.85812735	SPM	Saint Pierre and Miquelon	1	ANNUAL	CON_USD																					
2017.Q2.G.01	DC_TOF_HLTHL	Total gross official disbursements for medical research and basic heath sectors, by recipient	670	-61.19024321	13.24627968	VCT	Saint Vincent and the Grenadines	1	ANNUAL	CON_USD		0.091904			0.004313	0.091088	0.256991	0.237693	0.220343	0.278328			0.463799	0.157028	0.191318	0.214117	0.2565655	2015	0.214117		
2017.Q2.G.01	DC_TOF_HLTHL	Total gross official disbursements for medical research and basic heath sectors, by recipient	674	12.46329038	43.93841766	SMR	San Marino	1	ANNUAL	CON_USD																					
2017.Q2.G.01	DC_TOF_HLTHL	Total gross official disbursements for medical research and basic heath sectors, by recipient	678	6.609772265	0.241554875	STP	Sao Tome and Principe	1	ANNUAL	CON_USD	0.202565	0.444666	0.223767	0.18353	0.19506	1.978953	2.552471	1.982441	4.490518	2.226476	3.143018	4.996037	2.663979	5.365378	4.774595	3.649649	4.2899276	2015	3.649649		
2017.Q2.G.01	DC_TOF_HLTHL	Total gross official disbursements for medical research and basic heath sectors, by recipient	682	44.54763347	24.12594211	SAU	Saudi Arabia	1	ANNUAL	CON_USD		0.012244																2001	0.012244		
2017.Q2.G.01	DC_TOF_HLTHL	Total gross official disbursements for medical research and basic heath sectors, by recipient	686	-14.46636926	14.35920905	SEN	Senegal	1	ANNUAL	CON_USD	5.176758	23.543733	19.31399	24.822001	43.869205	38.243206	78.784381	32.072412	54.822043	59.198331	52.754627	52.205932	92.235484	70.899102	106.827177	83.518453	81.1372296	2015	83.518453		
2017.Q2.G.01	DC_TOF_HLTHL	Total gross official disbursements for medical research and basic heath sectors, by recipient	688	20.805876	44.03145697	SRB	Serbia	1	ANNUAL	CON_USD	14.87961	11.285358	4.680267	4.084969	2.294362	8.686142	7.142966	4.285233	6.523575	0.978354	2.482007	1.794973	1.317696	1.643878	1.910052	1.149506	1.563221	2015	1.149506		
2017.Q2.G.01	DC_TOF_HLTHL	Total gross official disbursements for medical research and basic heath sectors, by recipient	690	55.46561591	-4.678053059	SYC	Seychelles	1	ANNUAL	CON_USD					0.733632	0.719637		0.004522				0.097253	0.183557	0.241757	0.1521	0.15219	0.1653714	2015	0.15219		
2017.Q2.G.01	DC_TOF_HLTHL	Total gross official disbursements for medical research and basic heath sectors, by recipient	694	-11.78306584	8.568604164	SLE	Sierra Leone	1	ANNUAL	CON_USD	3.004922	2.147967	2.841024	7.440782	9.001618	12.26599	18.474606	19.11518	22.190003	23.867005	33.035755	24.597758	23.036682	29.673597	99.744482	140.83189	63.5768818	2015	140.83189		
2017.Q2.G.01	DC_TOF_HLTHL	Total gross official disbursements for medical research and basic heath sectors, by recipient	702	103.8107883	1.361009155	SGP	Singapore	1	ANNUAL	CON_USD																					
2017.Q2.G.01	DC_TOF_HLTHL	Total gross official disbursements for medical research and basic heath sectors, by recipient	703	19.48495604	48.70741446	SVK	Slovakia	1	ANNUAL	CON_USD																					
2017.Q2.G.01	DC_TOF_HLTHL	Total gross official disbursements for medical research and basic heath sectors, by recipient	704	105.802499	10.09643079	VNM	Viet Nam	1	ANNUAL	CON_USD	18.111299	22.342387	25.722164	15.967757	18.380347	40.805899	51.871851	49.349328	57.233716	66.925173	106.338539	92.988789	127.212022	121.73307	87.367547	73.894553	100.6391962	2015	73.894553		
2017.Q2.G.01	DC_TOF_HLTHL	Total gross official disbursements for medical research and basic heath sectors, by recipient	705	14.82209486	46.11958061	SVN	Slovenia	1	ANNUAL	CON_USD																					
2017.Q2.G.01	DC_TOF_HLTHL	Total gross official disbursements for medical research and basic heath sectors, by recipient	706	46.20367477	4.406485729	SOM	Somalia	1	ANNUAL	CON_USD	5.061733	5.857389	5.78367	4.066622	13.134417	12.071891	14.047079	17.936336	17.421181	25.140891	25.017354	26.440741	52.118482	54.200577	62.764159	56.704965	50.4457848	2015	56.704965		
2017.Q2.G.01	DC_TOF_HLTHL	Total gross official disbursements for medical research and basic heath sectors, by recipient	710	24.67184355	-29.99957544	ZAF	South Africa	1	ANNUAL	CON_USD	13.45713	69.010421	30.950945	28.573028	19.376309	24.152696	35.034922	29.930562	28.109228	35.458685	15.739686	65.698092	48.818576	77.895934	29.93522	87.788018	62.027168	2015	87.788018		
2017.Q2.G.01	DC_TOF_HLTHL	Total gross official disbursements for medical research and basic heath sectors, by recipient	716	29.86909584	-19.00075492	ZWE	Zimbabwe	1	ANNUAL	CON_USD	2.680557	3.174034	1.19556	8.971244	3.49826	9.189764	7.708067	48.858373	36.196633	64.689857	89.920976	55.21079	110.502746	82.275377	61.268086	117.838724	85.4191446	2015	117.838724		
2017.Q2.G.01	DC_TOF_HLTHL	Total gross official disbursements for medical research and basic heath sectors, by recipient	724	-3.554078296	40.39211472	ESP	Spain	1	ANNUAL	CON_USD																					
2017.Q2.G.01	DC_TOF_HLTHL	Total gross official disbursements for medical research and basic heath sectors, by recipient	728	30.32618773	7.290839152	SSD	South Sudan	1	ANNUAL	CON_USD												43.57395	101.338407	82.225347	93.026476	118.590285	87.750893	2015	118.590285		
2017.Q2.G.01	DC_TOF_HLTHL	Total gross official disbursements for medical research and basic heath sectors, by recipient	732	-13.13515523	24.66265342	ESH	Western Sahara	1	ANNUAL	CON_USD																					
2017.Q2.G.01	DC_TOF_HLTHL	Total gross official disbursements for medical research and basic heath sectors, by recipient	736	29.95650159	16.02643066	SDN	Sudan	1	ANNUAL	CON_USD																					
2017.Q2.G.01	DC_TOF_HLTHL	Total gross official disbursements for medical research and basic heath sectors, by recipient	740	-55.90626394	4.132603197	SUR	Suriname	1	ANNUAL	CON_USD			0.040697	0.297371	0.008702	2.619356	0.888768	1.462311	2.389325	4.55186	5.272163	1.783803	1.202365	1.235997	0.680541	1.774446	1.3354304	2015	1.774446		
2017.Q2.G.01	DC_TOF_HLTHL	Total gross official disbursements for medical research and basic heath sectors, by recipient	744	13.38071013	78.82894131	SJM	Svalbard and Jan Mayen Islands	1	ANNUAL	CON_USD																					
2017.Q2.G.01	DC_TOF_HLTHL	Total gross official disbursements for medical research and basic heath sectors, by recipient	748	31.50149288	-26.56471011	SWZ	Swaziland	1	ANNUAL	CON_USD	0.123983	0.105169	0.24698	1.042326	0.670146	0.271526	0.768591	1.067565	0.54374	7.594869	3.981629	12.055795	4.771713	7.034031	2.9876	5.756844	6.5211966	2015	5.756844		
2017.Q2.G.01	DC_TOF_HLTHL	Total gross official disbursements for medical research and basic heath sectors, by recipient	752	14.3775338	60.60103109	SWE	Sweden	1	ANNUAL	CON_USD																					
2017.Q2.G.01	DC_TOF_HLTHL	Total gross official disbursements for medical research and basic heath sectors, by recipient	756	8.223158	46.96617097	CHE	Switzerland	1	ANNUAL	CON_USD																					
2017.Q2.G.01	DC_TOF_HLTHL	Total gross official disbursements for medical research and basic heath sectors, by recipient	760	38.50466565	35.01676176	SYR	Syrian Arab Republic (Syria)	1	ANNUAL	CON_USD	0.675958	2.516256	2.981209	0.463933	3.632842	7.111422	7.990478	9.330323	13.752246	20.657748	13.650954	13.481543	8.563547	5.170736	4.863705	11.050013	8.6259088	2015	11.050013		
2017.Q2.G.01	DC_TOF_HLTHL	Total gross official disbursements for medical research and basic heath sectors, by recipient	762	69.294998	38.43069666	TJK	Tajikistan	1	ANNUAL	CON_USD	4.610469	1.531862	6.536061	8.562459	12.503787	6.737313	13.259428	14.160596	22.681001	17.177304	27.53672	23.782017	26.522867	23.040892	29.632538	23.979094	25.3914816	2015	23.979094		
2017.Q2.G.01	DC_TOF_HLTHL	Total gross official disbursements for medical research and basic heath sectors, by recipient	764	101.0202951	15.13089239	THA	Thailand	1	ANNUAL	CON_USD	1.579823	0.076629	0.440557	1.260209	9.045229	15.313808	37.915637	11.400714	18.49488	20.15671	15.420335	32.412248	14.694361	23.96973	29.920003	26.790472	25.5573628	2015	26.790472		
2017.Q2.G.01	DC_TOF_HLTHL	Total gross official disbursements for medical research and basic heath sectors, by recipient	768	0.97835765	8.532096072	TGO	Togo	1	ANNUAL	CON_USD	14.954244	2.416173	2.084305	3.49	7.827836	9.13386	5.461581	11.627559	18.208438	14.105046	19.603391	30.040554	7.29301	30.947039	20.026878	16.443509	20.950198	2015	16.443509		
2017.Q2.G.01	DC_TOF_HLTHL	Total gross official disbursements for medical research and basic heath sectors, by recipient	772	-171.8154473	-9.214545558	TKL	Tokelau	1	ANNUAL	CON_USD				0.235014								0.02086		0.012649	0.014437	0.01951	0.016864	2015	0.01951		
2017.Q2.G.01	DC_TOF_HLTHL	Total gross official disbursements for medical research and basic heath sectors, by recipient	776	-175.1959991	-21.19511329	TON	Tonga	1	ANNUAL	CON_USD	0.000927			0.174195	0.384894	6.264592	1.799274	0.093734	0.131972	0.076361	1.826286	9.98277	3.659244	0.64652	0.590134	1.713614	3.3184564	2015	1.713614		
2017.Q2.G.01	DC_TOF_HLTHL	Total gross official disbursements for medical research and basic heath sectors, by recipient	780	-61.29389504	10.41877263	TTO	Trinidad and Tobago	1	ANNUAL	CON_USD		0.002701	0.00516	0.003766	0.073225	0.056822	0.075439	0.0027		0.02738	0.050532							2010	0.050532		
2017.Q2.G.01	DC_TOF_HLTHL	Total gross official disbursements for medical research and basic heath sectors, by recipient	784	53.98279159	23.43322219	ARE	United Arab Emirates	1	ANNUAL	CON_USD																					
2017.Q2.G.01	DC_TOF_HLTHL	Total gross official disbursements for medical research and basic heath sectors, by recipient	788	9.572737411	34.11439971	TUN	Tunisia	1	ANNUAL	CON_USD	0.335953	1.225041	0.211326	0.468835	3.422362	2.999626	1.928924	1.356219	1.157351	0.705754	3.54481	2.157244	0.763728	1.087077	1.855402	4.337166	2.0401234	2015	4.337166		
2017.Q2.G.01	DC_TOF_HLTHL	Total gross official disbursements for medical research and basic heath sectors, by recipient	792	35.42890329	38.9899684	TUR	Turkey	1	ANNUAL	CON_USD	0.166716	0.402411	0.195688	0.137284	0.275279	0.255659	2.536223	6.286778	2.422417	1.424	0.864317	0.900696	2.355389	2.973702	2.091242	2.164125	2.0970308	2015	2.164125		
2017.Q2.G.01	DC_TOF_HLTHL	Total gross official disbursements for medical research and basic heath sectors, by recipient	795	58.9787665	40.0912346	TKM	Turkmenistan	1	ANNUAL	CON_USD	0.880143	1.102767	1.88289	1.861064	1.466412	1.799602	1.889365	2.662775	1.392219	2.602315	5.817698	5.804596	2.255121	5.316589	4.343961	2.848038	4.113661	2015	2.848038		
2017.Q2.G.01	DC_TOF_HLTHL	Total gross official disbursements for medical research and basic heath sectors, by recipient	796	-71.745121	21.80780585	TCA	Turks and Caicos Islands	1	ANNUAL	CON_USD					0.090281	0.192744												2005	0.192744		
2017.Q2.G.01	DC_TOF_HLTHL	Total gross official disbursements for medical research and basic heath sectors, by recipient	798	178.6679611	-7.460048071	TUV	Tuvalu	1	ANNUAL	CON_USD		5.182299	3.898237	1.443392		0.002917					0.16489	0.177839	0.090344	0.169787	0.10037	0.378506	0.1833692	2015	0.378506		
2017.Q2.G.01	DC_TOF_HLTHL	Total gross official disbursements for medical research and basic heath sectors, by recipient	800	32.39100438	1.279557331	UGA	Uganda	1	ANNUAL	CON_USD	52.621827	57.131234	28.018644	56.238685	56.27106	70.878799	82.46483	61.132986	77.9553	90.91136	90.80874	98.272043	208.107825	143.598221	189.895151	203.887245	168.752097	2015	203.887245		
2017.Q2.G.01	DC_TOF_HLTHL	Total gross official disbursements for medical research and basic heath sectors, by recipient	804	31.40270802	49.00735945	UKR	Ukraine	1	ANNUAL	CON_USD						8.112099	13.916758	11.054456	9.679808	7.673226	4.521061	18.044444	19.827778	20.42587	30.821349	51.274782	28.0788446	2015	51.274782		
2017.Q2.G.01	DC_TOF_HLTHL	Total gross official disbursements for medical research and basic heath sectors, by recipient	807	21.7007909	41.60048068	MKD	Macedonia, Republic of	1	ANNUAL	CON_USD	0.34701	7.327643	1.375854	0.625162	1.640513	0.133131	2.97921	1.506234	0.828127	0.976916	0.733818	2.609361	0.080062	1.872087	0.580066	1.378085	1.3039322	2015	1.378085		
2017.Q2.G.01	DC_TOF_HLTHL	Total gross official disbursements for medical research and basic heath sectors, by recipient	818	29.77468534	26.57438204	EGY	Egypt	1	ANNUAL	CON_USD	45.091505	29.0805	34.940932	10.621231	11.780461	20.86183	43.397951	61.453925	49.063785	17.77099	16.55068	12.515505	13.012007	5.865744	6.863003	13.37298	10.3258478	2015	13.37298		
2017.Q2.G.01	DC_TOF_HLTHL	Total gross official disbursements for medical research and basic heath sectors, by recipient	826	-2.23830539	53.27691757	GBR	United Kingdom	1	ANNUAL	CON_USD																					
2017.Q2.G.01	DC_TOF_HLTHL	Total gross official disbursements for medical research and basic heath sectors, by recipient	831	-2.200712402	49.71561166	GGY	Guernsey	1	ANNUAL	CON_USD																					
2017.Q2.G.01	DC_TOF_HLTHL	Total gross official disbursements for medical research and basic heath sectors, by recipient	832	-2.136773508	49.22353354	JEY	Jersey	1	ANNUAL	CON_USD																					
2017.Q2.G.01	DC_TOF_HLTHL	Total gross official disbursements for medical research and basic heath sectors, by recipient	833	-4.538190305	54.22880901	IMN	Isle of Man	1	ANNUAL	CON_USD																					
2017.Q2.G.01	DC_TOF_HLTHL	Total gross official disbursements for medical research and basic heath sectors, by recipient	834	34.80521182	-6.265332606	TZA	Tanzania, United Republic of	1	ANNUAL	CON_USD	21.277149	23.417054	29.780219	28.204982	56.771422	79.998649	96.981663	119.804591	168.037525	186.619597	212.855777	208.640874	246.960775	302.107246	274.46136	315.489613	269.5319736	2015	315.489613		
2017.Q2.G.01	DC_TOF_HLTHL	Total gross official disbursements for medical research and basic heath sectors, by recipient	840	-99.13830311	39.5277871	USA	United States of America	1	ANNUAL	CON_USD																					
2017.Q2.G.01	DC_TOF_HLTHL	Total gross official disbursements for medical research and basic heath sectors, by recipient	850	-64.76960113	17.73297693	VIR	United States Virgin Islands	1	ANNUAL	CON_USD																					
2017.Q2.G.01	DC_TOF_HLTHL	Total gross official disbursements for medical research and basic heath sectors, by recipient	854	-1.742843829	12.27491081	BFA	Burkina Faso	1	ANNUAL	CON_USD	5.143855	7.797605	8.492306	11.919512	26.516214	25.721657	33.215887	37.67994	48.513168	63.433377	94.379224	48.475241	73.903081	50.985541	76.802405	108.026465	71.6385466	2015	108.026465		
2017.Q2.G.01	DC_TOF_HLTHL	Total gross official disbursements for medical research and basic heath sectors, by recipient	858	-56.01387025	-32.8002838	URY	Uruguay	1	ANNUAL	CON_USD	0.049394	0.059898	0.346528	0.135379	0.372466	0.534498	0.307358	1.29808	0.258427	0.337419	2.705071	0.542475	0.5895	0.90768	0.267446	0.213687	0.5041576	2015	0.213687		
2017.Q2.G.01	DC_TOF_HLTHL	Total gross official disbursements for medical research and basic heath sectors, by recipient	860	63.11944558	41.77560518	UZB	Uzbekistan	1	ANNUAL	CON_USD	10.508499	8.930963	15.603411	9.943602	22.201937	15.178533	13.587965	14.092516	17.192562	20.211906	18.873682	17.983347	32.536412	24.629835	29.412943	22.452575	25.4030224	2015	22.452575		
2017.Q2.G.01	DC_TOF_HLTHL	Total gross official disbursements for medical research and basic heath sectors, by recipient	862	-66.15642084	7.121324748	VEN	Venezuela (Bolivarian Republic)	1	ANNUAL	CON_USD	0.56558	0.051042	0.030407	0.644374	0.291727	0.469941	0.281977	1.43057	1.230035	1.899384	0.845516	0.462327	0.305284	0.341221	0.261723	0.099147	0.2939404	2015	0.099147		
2017.Q2.G.01	DC_TOF_HLTHL	Total gross official disbursements for medical research and basic heath sectors, by recipient	876	-176.2034788	-13.28471201	WLF	Wallis and Futuna Islands	1	ANNUAL	CON_USD																					
2017.Q2.G.01	DC_TOF_HLTHL	Total gross official disbursements for medical research and basic heath sectors, by recipient	882	-172.4430749	-13.61541469	WSM	Samoa	1	ANNUAL	CON_USD			0.2083	0.666537	0.264139	0.181361	0.079853	0.246516	0.815603	0.677414	4.066452	1.611301	2.225819	6.58826	0.888949	5.160795	3.2950248	2015	5.160795		
2017.Q2.G.01	DC_TOF_HLTHL	Total gross official disbursements for medical research and basic heath sectors, by recipient	887	45.22389143	15.22242099	YEM	Yemen	1	ANNUAL	CON_USD	29.171073	2.664569	6.729984	10.207529	7.369406	19.819246	11.781519	22.164967	24.536226	19.196463	29.959967	31.737723	49.22565	80.949073	100.786052	64.582586	65.4562168	2015	64.582586		
2017.Q2.G.01	DC_TOF_HLTHL	Total gross official disbursements for medical research and basic heath sectors, by recipient	894	27.850329	-14.59701056	ZMB	Zambia	1	ANNUAL	CON_USD	32.980616	99.57689	36.535491	45.087524	60.947448	67.969665	60.320658	92.974779	85.630014	77.067331	46.744789	87.650717	119.896422	225.71934	66.490841	143.422155	128.635895	2015	143.422155		
